n,semente,metodo,valor
1000,0,heuristica,406
1000,0,hibrido_viz,407
1000,0,hibrido_ale,404
1000,1,heuristica,407
1000,1,hibrido_viz,407
1000,1,hibrido_ale,405
1000,2,heuristica,405
1000,2,hibrido_viz,405
1000,2,hibrido_ale,405
3000,0,heuristica,1203
3000,0,hibrido_viz,1205
3000,0,hibrido_ale,1198
3000,1,heuristica,1196
3000,1,hibrido_viz,1204
3000,1,hibrido_ale,1202
3000,2,heuristica,1195
3000,2,hibrido_viz,1199
3000,2,hibrido_ale,1200
5000,0,heuristica,1993
5000,0,hibrido_viz,1996
5000,0,hibrido_ale,2005
5000,1,heuristica,2011
5000,1,hibrido_viz,2002
5000,1,hibrido_ale,1994
5000,2,heuristica,1988
5000,2,hibrido_viz,1994
5000,2,hibrido_ale,2005
