n,p,semente,arestas,abordagem,lb,ub,otimo,tempo,tempo_melhor,valor_heuristica,valor_fo,rodadas_fo,melhor_ub,melhor_lb,gap_proprio,gap_melhor_ub
50,0.12244897959183673,50,144,heuristica,20,,False,60.0,0.0,,,,20,20,,0.0
50,0.12244897959183673,50,144,exato,20,20,True,0.21,0.21,,,,20,20,0.0,0.0
50,0.12244897959183673,50,144,exato_ws,20,20,True,3.2,3.2,20,,,20,20,0.0,0.0
50,0.12244897959183673,50,144,hibrido_viz,20,20,True,3.52,3.52,20,20,3,20,20,0.0,0.0
50,0.12244897959183673,50,144,hibrido_ale,20,20,True,3.87,3.87,20,20,3,20,20,0.0,0.0
200,0.03015075376884422,200,579,heuristica,83,,False,60.0,0.09,,,,83,83,,0.0
200,0.03015075376884422,200,579,exato,83,83,True,22.55,22.55,,,,83,83,0.0,0.0
200,0.03015075376884422,200,579,exato_ws,83,83,True,26.47,26.47,83,,,83,83,0.0,0.0
200,0.03015075376884422,200,579,hibrido_viz,83,83,True,34.08,34.08,83,83,16,83,83,0.0,0.0
200,0.03015075376884422,200,579,hibrido_ale,83,83,True,34.41,34.41,83,83,19,83,83,0.0,0.0
300,0.020066889632107024,300,950,heuristica,118,,False,60.02,0.16,,,,129,118,,9.32
300,0.020066889632107024,300,950,exato,116,129,False,60.29,60.29,,,,129,118,11.21,11.21
300,0.020066889632107024,300,950,exato_ws,118,129,False,60.31,60.31,118,,,129,118,9.32,9.32
300,0.020066889632107024,300,950,hibrido_viz,118,129,False,60.31,60.31,118,118,18,129,118,9.32,9.32
300,0.020066889632107024,300,950,hibrido_ale,118,129,False,60.31,60.31,118,118,19,129,118,9.32,9.32
1000,0.006006006006006006,1000,2979,heuristica,407,,False,60.0,51.54,,,,481,407,,18.18
1000,0.006006006006006006,1000,2979,exato,373,483,False,60.03,60.03,,,,481,407,29.49,28.95
1000,0.006006006006006006,1000,2979,exato_ws,402,481,False,60.05,60.05,402,,,481,407,19.65,19.65
1000,0.006006006006006006,1000,2979,hibrido_viz,404,481,False,61.61,61.61,403,404,26,481,407,19.06,19.06
1000,0.006006006006006006,1000,2979,hibrido_ale,403,481,False,61.21,61.21,402,403,33,481,407,19.35,19.35
3000,0.0020006668889629878,3000,8982,heuristica,1205,,False,60.01,47.05,,,,1473,1205,,22.24
3000,0.0020006668889629878,3000,8982,exato,1084,1477,False,61.11,61.11,,,,1473,1205,36.25,35.89
3000,0.0020006668889629878,3000,8982,exato_ws,1167,1473,False,70.85,70.85,1167,,,1473,1205,26.22,26.22
3000,0.0020006668889629878,3000,8982,hibrido_viz,1205,1473,False,60.64,60.64,1173,1205,46,1473,1205,22.24,22.24
3000,0.0020006668889629878,3000,8982,hibrido_ale,1176,1473,False,65.45,65.45,1176,1176,23,1473,1205,25.26,25.26
5000,0.001200240048009602,5000,15045,heuristica,2003,,False,60.02,58.87,,,,2477,2003,,23.66
5000,0.001200240048009602,5000,15045,exato,1799,2487,False,56.67,56.67,,,,2477,2003,38.24,37.69
5000,0.001200240048009602,5000,15045,exato_ws,1965,2477,False,58.33,58.33,1965,,,2477,2003,26.06,26.06
5000,0.001200240048009602,5000,15045,hibrido_viz,1990,2487,False,54.59,54.59,1965,1990,35,2477,2003,24.97,24.47
5000,0.001200240048009602,5000,15045,hibrido_ale,1995,2482,False,59.95,59.95,1965,1995,59,2477,2003,24.41,24.16
